,N. Shots,Prediction Acc.,CoT Acc.,Agreement,With CoT
0,1,0.6333333333333333,0.03333333333333333,1.0,True
1,1,0.5333333333333333,1.0,1.0,False
2,3,0.6666666666666666,0.1,1.0,True
3,3,0.5666666666666667,1.0,1.0,False
4,5,0.8,0.1,1.0,True
5,5,0.4666666666666667,1.0,1.0,False
6,7,0.6666666666666666,0.36666666666666664,0.7272727272727273,True
7,7,0.5333333333333333,1.0,1.0,False
8,9,0.7,0.5333333333333333,0.75,True
9,9,0.4,1.0,1.0,False
