,N. Shots,Prediction Acc.,CoT Acc.,Agreement,With CoT
0,1,0.6666666666666666,0.3333333333333333,1.0,True
1,1,1.0,,,False
2,3,0.6666666666666666,0.6666666666666666,1.0,True
3,3,0.3333333333333333,,,False
4,5,1.0,1.0,1.0,True
5,5,1.0,,,False
6,7,0.6666666666666666,0.6666666666666666,1.0,True
7,7,0.3333333333333333,,,False
8,9,0.6666666666666666,1.0,1.0,True
9,9,0.3333333333333333,,,False
