,N. Shots,Prediction Acc.,CoT Acc.,Agreement,With CoT
0,1,0.8333333333333334,0.13333333333333333,1.0,True
1,1,0.36666666666666664,1.0,1.0,False
2,3,0.7666666666666667,0.2,1.0,True
3,3,0.5,1.0,1.0,False
4,5,0.8333333333333334,0.3,1.0,True
5,5,0.4666666666666667,1.0,1.0,False
6,7,0.7666666666666667,0.13333333333333333,1.0,True
7,7,0.4,1.0,1.0,False
8,9,0.8666666666666667,0.23333333333333334,1.0,True
9,9,0.4666666666666667,1.0,1.0,False
