,N. Shots,Prediction Acc.,CoT Acc.,Agreement,With CoT
0,1,0.5,0.3333333333333333,0.8,True
1,1,0.4,1.0,1.0,False
2,3,0.7333333333333333,0.3,1.0,True
3,3,0.6,1.0,1.0,False
4,5,0.8333333333333334,0.4,0.9166666666666665,True
5,5,0.5333333333333333,1.0,1.0,False
6,7,0.8,0.3,1.0,True
7,7,0.7666666666666667,1.0,1.0,False
8,9,0.9,0.4666666666666667,1.0,True
9,9,0.6333333333333333,1.0,1.0,False
