{"loss": 459097.25, "mse_loss": 459084.75, "l1_loss": 12.493422508239746, "_timestamp": 1715603909.8473978, "_runtime": 2262.0236728191376, "_step": 80769}